train.way,test.way,train.shot,test.shot,train.query,test.query,train.episodes,test.episodes,background,silence,unknown,epochs,lr,wd,train.acc,val.acc,timestamp,test.loss.mean,test.loss.confidence,test.acc.mean,test.acc.confidence
2,2,1,1,5,15,200,100,False,False,False,200,0.001,0.0,0.9325000095367431,0.892333371639252,2019-11-06 15:40:21,0.37727114673703904,0.04616018081569416,0.8270000424981118,0.02751085107309372
2,2,5,5,5,15,200,100,True,False,False,200,0.001,0.0,0.9690000054240228,0.936666703224182,2019-11-06 15:51:45,0.21366962260566655,0.031789708613218406,0.9140000414848326,0.015263662548421365
4,4,10,10,5,15,200,100,False,False,True,200,0.001,0.0,0.964799984395504,0.87386668920517,2019-11-06 18:50:25,0.5708040466904643,0.027631694470364204,0.7889333510398864,0.010466887034841988
4,4,10,10,5,15,200,100,True,True,False,200,0.001,0.0,0.9293999853730198,0.6752000147104265,2019-11-06 18:50:49,0.9101927334070206,0.030354295082002096,0.6129333451390269,0.015249331063183666
4,4,10,10,5,15,200,100,True,False,True,200,0.001,0.0,0.9139999765157701,0.8172000169754032,2019-11-06 18:51:27,0.6682995885610576,0.02414771032496563,0.7561333495378493,0.011280468876651331
4,4,10,10,5,15,200,100,False,True,True,200,0.001,0.0,0.9593333616852759,0.8738889110088348,2019-11-06 18:56:07,0.4795849941670894,0.020741824438776178,0.8212222480773925,0.009093691773176621
4,4,10,10,5,15,200,100,True,True,True,200,0.001,0.0,0.9420000365376475,0.8575555747747425,2019-11-06 18:56:41,0.5676458275318144,0.024954898424532843,0.8000000274181367,0.010418996977858096
4,4,15,15,5,15,200,100,False,False,False,200,0.001,0.0,0.9582500016689302,0.9056667137145993,2019-11-06 18:56:57,0.4109271897375584,0.02752248346485715,0.8386667102575301,0.01249210130898792
4,4,15,15,5,15,200,100,True,False,False,200,0.001,0.0,0.9714999997615816,0.888166708946228,2019-11-06 18:58:08,0.41436982318758964,0.026159493059129013,0.831333373785019,0.01291966459004032
4,4,15,15,5,15,200,100,False,True,False,200,0.001,0.0,0.9439999863505361,0.7584000170230868,2019-11-06 19:00:18,0.747913967072964,0.031893591818147195,0.6866666793823241,0.016256734038814797
4,4,15,15,5,15,200,100,False,False,True,200,0.001,0.0,0.9575999829173085,0.8689333540201187,2019-11-06 19:03:49,0.5399605989456178,0.026110852781701638,0.8058666843175887,0.010228653846632383
4,4,15,15,5,15,200,100,True,True,False,200,0.001,0.0,0.9333999848365785,0.7213333487510682,2019-11-06 19:03:57,0.8425310641527176,0.027993180031930586,0.6560000133514403,0.014337893594481408
2,2,5,5,5,15,200,100,False,True,False,200,0.001,0.0,0.9593333458900446,0.8133333444595336,2019-11-06 15:51:45,0.6940573339164259,0.06011446544701963,0.7002222374081611,0.02765452921986967
4,4,15,15,5,15,200,100,True,False,True,200,0.001,0.0,0.9411999794840814,0.8349333542585374,2019-11-06 19:04:21,0.5678612646460531,0.023879039313174758,0.7886666870117187,0.010449208499340733
4,4,15,15,5,15,200,100,False,True,True,200,0.001,0.0,0.9696666911244394,0.8887777990102768,2019-11-06 19:17:02,0.45668843522667874,0.025507626797325194,0.833555580973625,0.009129891345855025
4,4,15,15,5,15,200,100,True,True,True,200,0.001,0.0,0.9496666994690885,0.8400000238418579,2019-11-06 19:17:25,0.5350355857610705,0.0235568136819668,0.8114444702863693,0.008984300987768642
4,4,20,20,5,15,200,100,False,False,False,200,0.001,0.0,0.9600000011920925,0.8806667119264604,2019-11-06 19:25:15,0.44675647661089884,0.027833799880275022,0.8251667124032976,0.013420669359704812
4,4,20,20,5,15,200,100,True,False,False,200,0.001,0.0,0.9325000074505808,0.8786667132377627,2019-11-06 19:28:48,0.4736144568026067,0.025694988228971295,0.8173333781957625,0.01275712103168635
4,4,20,20,5,15,200,100,False,True,False,200,0.001,0.0,0.943199988603592,0.743600018620491,2019-11-06 19:29:42,0.7362069013714791,0.028750717461211522,0.684133345484733,0.014297879782651656
4,4,20,20,5,15,200,100,False,False,True,200,0.001,0.0,0.9663999867439269,0.8822666865587235,2019-11-06 19:31:17,0.5427079394459723,0.02195544581994139,0.7961333495378494,0.010375801379062457
4,4,20,20,5,15,200,100,True,True,False,200,0.001,0.0,0.9307999843358998,0.7046666777133941,2019-11-06 19:31:30,0.7498916813731193,0.030889802092257983,0.673733345866203,0.01681966504794026
4,4,20,20,5,15,200,100,True,False,True,200,0.001,0.0,0.9503999808430672,0.8402666866779327,2019-11-06 19:31:42,0.5271226079761985,0.025328965685177174,0.8120000195503237,0.01068504187822403
4,4,20,20,5,15,200,100,False,True,True,200,0.001,0.0,0.9588333627581596,0.9021111315488816,2019-11-06 19:42:29,0.4587521582841874,0.023589011740274744,0.8318889141082764,0.009727776326281473
2,2,5,5,5,15,200,100,False,False,True,200,0.001,0.0,0.9206667092442512,0.8635555636882779,2019-11-06 15:51:45,0.49764330223202713,0.031416223705068705,0.8048889005184174,0.016019249616800468
4,4,20,20,5,15,200,100,True,True,True,200,0.001,0.0,0.9358333715796472,0.8661111360788345,2019-11-06 19:44:15,0.5344227373600005,0.023899777679303187,0.8151111352443694,0.009984726287072337
5,5,1,1,5,15,200,100,False,False,False,200,0.001,0.0,0.9277999797463415,0.7045333474874497,2019-11-06 19:44:23,1.0106143099069593,0.05815148784543728,0.6454666808247571,0.017837369591181228
5,5,1,1,5,15,200,100,True,False,False,200,0.001,0.0,0.9267999807000156,0.6465333473682405,2019-11-06 19:44:31,1.1828827601671217,0.0627105441782048,0.5762666797637939,0.01870384408500074
5,5,1,1,5,15,200,100,False,True,False,200,0.001,0.0,0.8203333762288095,0.5823333400487902,2019-11-06 19:44:42,1.499843456745148,0.05280928547091768,0.46522222906351085,0.015093340850061015
5,5,1,1,5,15,200,100,False,False,True,200,0.001,0.0,0.8951667091250417,0.6580000153183938,2019-11-06 19:45:26,1.390132187008858,0.0667070332663991,0.5347777888178827,0.01939151395810227
5,5,1,1,5,15,200,100,True,True,False,200,0.001,0.0,0.5293333628773689,0.44944444984197607,2019-11-06 19:52:04,1.5651431810855863,0.03574893688748741,0.3815555635094643,0.015427870576841602
5,5,1,1,5,15,200,100,True,False,True,200,0.001,0.0,0.8538333790004254,0.5656666761636733,2019-11-06 19:55:50,1.3282131636142724,0.05593932499820078,0.5274444517493247,0.020359966467890605
5,5,1,1,5,15,200,100,False,True,True,200,0.001,0.0,0.9041428628563879,0.7100952553749083,2019-11-06 19:55:52,1.0260002267360686,0.04999486623144387,0.6279047831892965,0.01626944758771294
5,5,1,1,5,15,200,100,True,True,True,200,0.001,0.0,0.8975714346766468,0.6267619267106057,2019-11-06 19:56:44,1.1010642755031586,0.04744585637519291,0.6052381178736689,0.014491658207327854
5,5,5,5,5,15,200,100,False,False,False,200,0.001,0.0,0.9527999836206439,0.8569333535432815,2019-11-06 19:57:08,0.6429882851243021,0.02375237981674353,0.754933348298073,0.011185185653127512
2,2,5,5,5,15,200,100,True,True,False,200,0.001,0.0,0.9593333464860917,0.7684444579482075,2019-11-06 15:51:48,0.7263329134881495,0.051569856565363434,0.6717777940630912,0.02721702090577649
5,5,5,5,5,15,200,100,True,False,False,200,0.001,0.0,0.9475999802351,0.8076000195741652,2019-11-06 19:58:20,0.6347637099027637,0.025476217910242856,0.7664000195264818,0.00985185739986261
5,5,5,5,5,15,200,100,False,True,False,200,0.001,0.0,0.9246667003631588,0.693333346247673,2019-11-06 19:59:52,0.8929684102535251,0.021630791001481915,0.6491111212968825,0.008945425487733746
5,5,5,5,5,15,200,100,False,False,True,200,0.001,0.0,0.8896667149662973,0.8102222472429276,2019-11-06 20:00:46,0.8033826863765714,0.026764026981164063,0.7125555735826493,0.010536299701804383
5,5,5,5,5,15,200,100,True,True,False,200,0.001,0.0,0.9153333714604378,0.6306666719913484,2019-11-06 20:07:50,1.0346998989582068,0.02677955767886551,0.5983333414793015,0.01057134066330583
5,5,5,5,5,15,200,100,True,False,True,200,0.001,0.0,0.8931667119264602,0.773666691184044,2019-11-06 20:11:57,0.8947136229276655,0.026029733102706835,0.6795555716753006,0.010504719798230842
5,5,5,5,5,15,200,100,False,True,True,200,0.001,0.0,0.9515714314579965,0.859142870903015,2019-11-06 20:14:58,0.6074987250566484,0.01885698859698717,0.7796190613508227,0.008494353593434542
5,5,5,5,5,15,200,100,True,True,True,200,0.001,0.0,0.9494285744428635,0.830857154130936,2019-11-06 20:17:19,0.6722872111201288,0.02308523657471717,0.7738095372915271,0.007608500905457767
5,5,10,10,5,15,200,100,False,False,False,200,0.001,0.0,0.9025999778509137,0.8270666873455049,2019-11-06 20:17:33,0.5479956403374671,0.017982494062678215,0.798800019621849,0.00930162679859911
5,5,10,10,5,15,200,100,True,False,False,200,0.001,0.0,0.9187999787926676,0.8240000212192536,2019-11-06 20:17:43,0.5107679787278175,0.01656474698927591,0.8130666869878768,0.008129257886992204
5,5,10,10,5,15,200,100,False,True,False,200,0.001,0.0,0.8803333771228791,0.7123333513736726,2019-11-06 20:19:24,0.8438063859939573,0.019768021335782697,0.654888895750046,0.008649409374384678
2,2,5,5,5,15,200,100,True,False,True,200,0.001,0.0,0.9450000324845311,0.8366666764020919,2019-11-06 15:52:02,0.5038421569764614,0.03380421309245706,0.8133333444595335,0.013363920720129898
5,5,10,10,5,15,200,100,False,False,True,200,0.001,0.0,0.939333372116089,0.8377778011560438,2019-11-06 20:20:35,0.6759987846016884,0.023490077782898824,0.7694444668293001,0.008914283597113012
5,5,10,10,5,15,200,100,True,True,False,200,0.001,0.0,0.9058333715796467,0.7176666867733003,2019-11-06 20:27:42,0.860445762872696,0.019657517755842874,0.6574444520473482,0.008782613445784588
5,5,10,10,5,15,200,100,True,False,True,200,0.001,0.0,0.9330000433325767,0.7894444710016247,2019-11-06 20:28:48,0.6481753596663474,0.019911437355414747,0.7692222481966018,0.008124093231301126
5,5,10,10,5,15,200,100,False,True,True,200,0.001,0.0,0.947428574562073,0.8856190657615661,2019-11-06 20:30:26,0.5056746938824653,0.017308432805970636,0.8178095346689225,0.007196167150689467
5,5,10,10,5,15,200,100,True,True,True,200,0.001,0.0,0.9608571451902391,0.8180952489376069,2019-11-06 20:31:03,0.6632389956712723,0.01948613641853186,0.7622857284545898,0.007059212216122627
5,5,15,15,5,15,200,100,False,False,False,200,0.001,0.0,0.9177999767661098,0.8498666870594024,2019-11-06 20:32:21,0.575032989680767,0.018360926725422392,0.7818666857481,0.010094233713391892
5,5,15,15,5,15,200,100,True,False,False,200,0.001,0.0,0.9527999821305273,0.8146666836738585,2019-11-06 20:32:24,0.47642315685749054,0.016152656521072402,0.8194666880369188,0.008424635311728122
5,5,15,15,5,15,200,100,False,True,False,200,0.001,0.0,0.9565000191330905,0.7355555796623233,2019-11-06 20:48:02,0.8690682512521747,0.02193899711641808,0.6590000075101852,0.008034200687944833
5,5,15,15,5,15,200,100,False,False,True,200,0.001,0.0,0.9216667097806928,0.8167778027057648,2019-11-06 20:49:30,0.643308987319469,0.021608203829054304,0.7647778016328813,0.009187820192455681
5,5,15,15,5,15,200,100,True,True,False,200,0.001,0.0,0.9248333713412289,0.6800000095367432,2019-11-06 20:56:53,0.9481713241338733,0.018829746418529872,0.6110000091791156,0.00860874246074515
2,2,5,5,5,15,200,100,False,True,True,200,0.001,0.0,0.967750001847744,0.9243333733081817,2019-11-06 15:52:31,0.3404863423109053,0.023906698427666802,0.8758333784341814,0.010417129279126502
5,5,15,15,5,15,200,100,True,False,True,200,0.001,0.0,0.9488333654403688,0.8103333562612534,2019-11-06 20:57:59,0.6656913408637046,0.021196757450489025,0.7711111354827881,0.009045652908431637
5,5,15,15,5,15,200,100,False,True,True,200,0.001,0.0,0.9632857164740559,0.8920000225305553,2019-11-06 20:59:25,0.5966691863536837,0.021265525218706956,0.7853333461284638,0.007791544522844101
5,5,15,15,5,15,200,100,True,True,True,200,0.001,0.0,0.9361428609490398,0.8222857248783109,2019-11-06 21:00:04,0.5792750892043116,0.019586688459012614,0.8036190593242645,0.007365960159078104
5,5,20,20,5,15,200,100,False,False,False,200,0.001,0.0,0.920399979054928,0.8512000215053561,2019-11-06 21:00:41,0.5822932240366934,0.016933477441219563,0.7798666846752168,0.009245090499961618
5,5,20,20,5,15,200,100,True,False,False,200,0.001,0.0,0.9065999776124952,0.8374666863679884,2019-11-06 21:01:50,0.5413082918524746,0.015238919180749128,0.7980000203847885,0.009139121445352168
5,5,20,20,5,15,200,100,False,True,False,200,0.001,0.0,0.8835000398755072,0.689222233891487,2019-11-06 21:13:38,0.8648548448085783,0.015410418478419532,0.6513333433866498,0.008786567290713365
5,5,20,20,5,15,200,100,False,False,True,200,0.001,0.0,0.9230000448226932,0.858333355784416,2019-11-06 21:13:51,0.6000067576766014,0.023047311209423348,0.7844444698095322,0.008443012304296008
5,5,20,20,5,15,200,100,True,True,False,200,0.001,0.0,0.9018333718180661,0.6974444615840913,2019-11-06 21:14:26,0.8323517751693729,0.016223636182105088,0.6580000114440921,0.008790928069057393
5,5,20,20,5,15,200,100,True,False,True,200,0.001,0.0,0.9083333793282512,0.8151111376285554,2019-11-06 21:15:33,0.6918590134382249,0.019240349699354835,0.7500000232458116,0.009011163158840294
5,5,20,20,5,15,200,100,False,True,True,200,0.001,0.0,0.9658571448922156,0.8899047875404357,2019-11-06 21:15:33,0.5586052066087726,0.018492935926632856,0.8064762020111084,0.006679864785942587
2,2,5,5,5,15,200,100,True,True,True,200,0.001,0.0,0.9600000017881394,0.871000046133995,2019-11-06 15:53:47,0.4097716522216797,0.030486202332899403,0.8598333805799487,0.01077039636431988
5,5,20,20,5,15,200,100,True,True,True,200,0.001,0.0,0.9247142902016638,0.8516190576553344,2019-11-06 21:17:41,0.5389404216408727,0.019725019442927223,0.8050476306676864,0.008537481226880115
2,2,10,10,5,15,200,100,False,False,False,200,0.001,0.0,0.9700000059604648,0.9516666978597642,2019-11-06 16:01:08,0.19550509783905,0.024598540725050414,0.9220000422000882,0.011569270672202535
2,2,10,10,5,15,200,100,True,False,False,200,0.001,0.0,0.9775000053644183,0.9286667078733443,2019-11-06 16:01:14,0.2149561211280525,0.02719470159793854,0.9133333736658092,0.014505311847834032
2,2,10,10,5,15,200,100,False,True,False,200,0.001,0.0,0.9590000090003014,0.7951111227273939,2019-11-06 16:02:07,0.6203542365133765,0.05215020033462096,0.7168889036774635,0.02979671208026614
2,2,1,1,5,15,200,100,True,False,False,200,0.001,0.0,0.932500009536743,0.8546667170524598,2019-11-06 15:40:21,0.46275256127119047,0.045514410613454695,0.7740000472962858,0.0289448645094049
2,2,10,10,5,15,200,100,False,False,True,200,0.001,0.0,0.9490000322461128,0.907333338856697,2019-11-06 16:02:11,0.45914433464407933,0.03235758505283923,0.8204444551467899,0.014697966227827073
2,2,10,10,5,15,200,100,True,True,False,200,0.001,0.0,0.9573333483934401,0.8000000107288364,2019-11-06 16:02:22,0.6539877229928965,0.05305596151093659,0.6946666815876958,0.028588915951976636
2,2,10,10,5,15,200,100,True,False,True,200,0.001,0.0,0.9426667028665549,0.8697777855396269,2019-11-06 16:02:34,0.44674072206020354,0.03160447568845523,0.8315555655956268,0.013437991317411201
2,2,10,10,5,15,200,100,False,True,True,200,0.001,0.0,0.981499999165535,0.9345000463724138,2019-11-06 16:03:50,0.32570227071642865,0.031161771133826833,0.8890000438690185,0.010269618664564007
2,2,10,10,5,15,200,100,True,True,True,200,0.001,0.0,0.9570000016689302,0.8743333792686462,2019-11-06 16:06:58,0.3380467478930951,0.021587008859880297,0.8746667134761814,0.00936099000320711
2,2,15,15,5,15,200,100,False,False,False,200,0.001,0.0,0.9785000061988831,0.9596666944026948,2019-11-06 16:11:38,0.15692108014365655,0.023001120800486604,0.9406667023897171,0.010406203919856461
2,2,15,15,5,15,200,100,True,False,False,200,0.001,0.0,0.9690000078082084,0.9313333708047866,2019-11-06 16:11:48,0.18826026887167246,0.024978988528064384,0.9210000407695769,0.013088259239229526
2,2,15,15,5,15,200,100,False,True,False,200,0.001,0.0,0.9660000118613238,0.8202222326397897,2019-11-06 16:12:58,0.5986619689315558,0.05453692662699784,0.7280000138282776,0.029515634635263244
2,2,15,15,5,15,200,100,False,False,True,200,0.001,0.0,0.9540000304579733,0.916888893842697,2019-11-06 16:13:07,0.3985697217658163,0.03417131505108688,0.8577777862548825,0.012519949762570103
2,2,15,15,5,15,200,100,True,True,False,200,0.001,0.0,0.9620000126957895,0.7940000122785569,2019-11-06 16:13:11,0.6538487211614845,0.05444809046076954,0.70666668087244,0.02967026642919251
2,2,1,1,5,15,200,100,False,True,False,200,0.001,0.0,0.8566667038202284,0.65844446092844,2019-11-06 15:40:21,1.0294287770986559,0.06094759091046146,0.5380000158399342,0.03068807277361641
2,2,15,15,5,15,200,100,True,False,True,200,0.001,0.0,0.9310000383853914,0.8613333415985103,2019-11-06 16:13:36,0.44154176756739605,0.02517287523415484,0.8308888989686963,0.012410727322861508
2,2,15,15,5,15,200,100,False,True,True,200,0.001,0.0,0.9714999985694883,0.9273333781957624,2019-11-06 16:22:07,0.2951835465431214,0.02158325005545653,0.8825000423192976,0.010271245428439527
2,2,15,15,5,15,200,100,True,True,True,200,0.001,0.0,0.9602500033378605,0.8955000454187394,2019-11-06 16:22:07,0.3191212277114392,0.019604368794469508,0.8793333774805068,0.009275854946597087
2,2,20,20,5,15,200,100,False,False,False,200,0.001,0.0,0.9815000054240225,0.954333360791206,2019-11-06 16:23:23,0.19018495139695019,0.0267585321100341,0.9276667040586472,0.011674444759028308
2,2,20,20,5,15,200,100,True,False,False,200,0.001,0.0,0.9740000066161156,0.9136667108535765,2019-11-06 16:27:59,0.21708539525163362,0.030049828507113324,0.9136667048931122,0.015373853251538344
2,2,20,20,5,15,200,100,False,True,False,200,0.001,0.0,0.9546666809916504,0.8097777888178826,2019-11-06 16:32:13,0.5394477331638338,0.04685550195446357,0.7442222356796268,0.029237589839558896
2,2,20,20,5,15,200,100,False,False,True,200,0.001,0.0,0.9660000249743463,0.9140000051259995,2019-11-06 16:32:50,0.39672629609704,0.029837086056254257,0.8520000088214875,0.013452813474226994
2,2,20,20,5,15,200,100,True,True,False,200,0.001,0.0,0.957333346009255,0.7773333463072776,2019-11-06 16:33:08,0.6158717947453259,0.0482882293729495,0.7213333484530448,0.026615907022276376
2,2,20,20,5,15,200,100,True,False,True,200,0.001,0.0,0.9523333615064623,0.8397777873277662,2019-11-06 16:34:55,0.5111768524348737,0.03689330067627128,0.8186666774749756,0.012438873881938414
2,2,20,20,5,15,200,100,False,True,True,200,0.001,0.0,0.9775000008940697,0.936333379149437,2019-11-06 16:35:03,0.2746399538964034,0.02550697021039282,0.902333378791809,0.009367206427495164
2,2,1,1,5,15,200,100,False,False,True,200,0.001,0.0,0.9070000404119493,0.8168888998031616,2019-11-06 15:40:21,0.7515821373462676,0.06060779479113452,0.6884444588422775,0.027470186473196136
2,2,20,20,5,15,200,100,True,True,True,200,0.001,0.0,0.9675000017881399,0.9123333781957628,2019-11-06 16:41:35,0.344177079051733,0.025588374342189524,0.8803333777189258,0.00989718763604271
3,3,1,1,5,15,200,100,False,False,False,200,0.001,0.0,0.9523333579301834,0.8251111212372778,2019-11-06 16:42:13,0.6284602746367457,0.05965419229623027,0.7484444588422776,0.02534325512290294
3,3,1,1,5,15,200,100,True,False,False,200,0.001,0.0,0.9163333693146709,0.7768889012932778,2019-11-06 16:42:24,0.669799901843071,0.05295815834256414,0.7140000155568123,0.02435443289152459
3,3,1,1,5,15,200,100,False,True,False,200,0.001,0.0,0.9070000046491621,0.6428333681821826,2019-11-06 16:51:38,1.0690363213419916,0.08171933394240984,0.5995000332593916,0.025769718642744792
3,3,1,1,5,15,200,100,False,False,True,200,0.001,0.0,0.8930000101029878,0.7668333780765532,2019-11-06 16:52:03,0.8676671582460405,0.0678479416703336,0.6763333711028099,0.026894294575888895
3,3,1,1,5,15,200,100,True,True,False,200,0.001,0.0,0.7692500112950806,0.586166698485613,2019-11-06 16:52:18,1.2383606809377665,0.05786791023551683,0.4918333600461482,0.023291651501262618
3,3,1,1,5,15,200,100,True,False,True,200,0.001,0.0,0.8190000128746033,0.6675000390410419,2019-11-06 16:52:30,1.194870826601982,0.049863892721452904,0.5255000299215314,0.020761468264774957
3,3,1,1,5,15,200,100,False,True,True,200,0.001,0.0,0.9317999812960623,0.8064000201225278,2019-11-06 16:52:44,0.7563850474357606,0.05109265397830661,0.7200000172853472,0.01887062206066412
3,3,1,1,5,15,200,100,True,True,True,200,0.001,0.0,0.7717999777197837,0.6772000145912171,2019-11-06 16:56:46,0.8843587857484819,0.03416052025822934,0.637200013399124,0.018944668679303396
3,3,5,5,5,15,200,100,False,False,False,200,0.001,0.0,0.96366669267416,0.8968888950347899,2019-11-06 17:01:51,0.33182233624160296,0.03207458295604647,0.8720000076293943,0.014742747041391743
2,2,1,1,5,15,200,100,True,True,False,200,0.001,0.0,0.7960000391304495,0.6528889063000679,2019-11-06 15:40:21,1.1143726783990864,0.07864327460488321,0.5377777905762195,0.028355918098152105
3,3,5,5,5,15,200,100,True,False,False,200,0.001,0.0,0.9460000327229504,0.8517777866125109,2019-11-06 17:02:18,0.42537961423397064,0.03396522291092402,0.8297777879238127,0.01706909822936693
3,3,5,5,5,15,200,100,False,True,False,200,0.001,0.0,0.9385000008344649,0.7480000394582749,2019-11-06 17:02:40,0.8460750138759614,0.06049662755767855,0.6590000364184379,0.022055261205037337
3,3,5,5,5,15,200,100,False,False,True,200,0.001,0.0,0.9527500021457675,0.8735000473260883,2019-11-06 17:02:53,0.5798836281895636,0.032841773760972706,0.7881667107343673,0.013993156940141846
3,3,5,5,5,15,200,100,True,True,False,200,0.001,0.0,0.9285000026226039,0.7138333734869958,2019-11-06 17:03:07,0.8751396539807319,0.06143614900203489,0.6455000352859496,0.02327943100517694
3,3,5,5,5,15,200,100,True,False,True,200,0.001,0.0,0.9197500091791153,0.8146667116880416,2019-11-06 17:04:03,0.6069455131888389,0.028723036777244953,0.7761667042970656,0.013060520428634573
3,3,5,5,5,15,200,100,False,True,True,200,0.001,0.0,0.9599999833106996,0.9086666923761367,2019-11-06 17:08:04,0.448004809319973,0.026084424265500245,0.8401333528757093,0.010270215130042755
3,3,5,5,5,15,200,100,True,True,True,200,0.001,0.0,0.9641999852657318,0.8542666852474213,2019-11-06 17:09:38,0.5163442139327522,0.030628611363446866,0.8266666841506957,0.011211182214019367
3,3,10,10,5,15,200,100,False,False,False,200,0.001,0.0,0.9763333517313008,0.9188888937234881,2019-11-06 17:12:13,0.3076210013031961,0.03296240463163032,0.877555562853813,0.01698215269488967
3,3,10,10,5,15,200,100,True,False,False,200,0.001,0.0,0.9656666919589045,0.8717777854204176,2019-11-06 17:12:54,0.32621929563581953,0.03533187175019463,0.8666666746139526,0.01793171850582836
3,3,10,10,5,15,200,100,False,True,False,200,0.001,0.0,0.9482500016689301,0.7818333739042279,2019-11-06 17:13:53,0.7514489094913005,0.05219004566908995,0.6823333704471588,0.02212552594915119
2,2,1,1,5,15,200,100,True,False,True,200,0.001,0.0,0.8780000382661822,0.7317777928709982,2019-11-06 15:40:21,0.859535795450211,0.058538511988165655,0.6462222380936146,0.027180561891578504
3,3,10,10,5,15,200,100,False,False,True,200,0.001,0.0,0.9575000017881391,0.9020000439882276,2019-11-06 17:13:56,0.5294525822997094,0.03393883563057479,0.8080000472068788,0.013177396377913628
3,3,10,10,5,15,200,100,True,True,False,200,0.001,0.0,0.9342500025033948,0.7383333724737168,2019-11-06 17:14:18,0.7985708802938463,0.04332601258688146,0.6573333713412283,0.02138480767448258
3,3,10,10,5,15,200,100,True,False,True,200,0.001,0.0,0.9040000119805333,0.8160000443458556,2019-11-06 17:15:16,0.6276148536801337,0.02718035621909575,0.7661667090654373,0.012896074493177197
3,3,10,10,5,15,200,100,False,True,True,200,0.001,0.0,0.9641999843716625,0.9276000267267227,2019-11-06 17:23:02,0.36269765384495256,0.026589558340580167,0.8722666877508163,0.010132840643385632
3,3,10,10,5,15,200,100,True,True,True,200,0.001,0.0,0.9567999848723412,0.8649333512783053,2019-11-06 17:23:59,0.4820277860760689,0.0283152000979582,0.8410666853189466,0.009626610877601844
3,3,15,15,5,15,200,100,False,False,False,200,0.001,0.0,0.9513333624601364,0.898666672706604,2019-11-06 17:29:14,0.3742393058538437,0.03463677174382743,0.8586666750907899,0.015183292832836495
3,3,15,15,5,15,200,100,True,False,False,200,0.001,0.0,0.9720000201463701,0.9055555611848829,2019-11-06 17:30:38,0.31425258196890343,0.029756542967519155,0.8782222294807437,0.013668452046407636
3,3,15,15,5,15,200,100,False,True,False,200,0.001,0.0,0.9415000012516975,0.7703333741426469,2019-11-06 17:33:02,0.6669059088826182,0.04082210734769225,0.6911667013168333,0.021541169984195644
3,3,15,15,5,15,200,100,False,False,True,200,0.001,0.0,0.966000001132488,0.8810000461339952,2019-11-06 17:33:04,0.5602250394225121,0.03220502634052262,0.7893333780765535,0.014464535098676793
3,3,15,15,5,15,200,100,True,True,False,200,0.001,0.0,0.931500002145767,0.7380000430345536,2019-11-06 17:33:23,0.752361733913422,0.04397396086656251,0.6576667043566702,0.021495912095424986
2,2,1,1,5,15,200,100,False,True,True,200,0.001,0.0,0.9382500043511389,0.8686667102575302,2019-11-06 15:40:21,0.5738701213896273,0.04967022523624468,0.7776667070388792,0.02145977829541182
3,3,15,15,5,15,200,100,True,False,True,200,0.001,0.0,0.952000003159046,0.8498333781957624,2019-11-06 17:34:37,0.6106238123774527,0.03227549819120471,0.7806667125225069,0.012533795266219335
3,3,15,15,5,15,200,100,False,True,True,200,0.001,0.0,0.9397999784350394,0.9158666950464248,2019-11-06 17:35:56,0.4139242957532408,0.017574881502201406,0.8444000202417378,0.008591943171928514
3,3,15,15,5,15,200,100,True,True,True,200,0.001,0.0,0.9557999822497366,0.8677333521842957,2019-11-06 17:37:06,0.481735921651125,0.02573029526435553,0.8332000213861465,0.008498621476615465
3,3,20,20,5,15,200,100,False,False,False,200,0.001,0.0,0.9790000164508821,0.9024444502592088,2019-11-06 17:51:17,0.3328232275694609,0.03402296452453393,0.870666674375534,0.014576213112080535
3,3,20,20,5,15,200,100,True,False,False,200,0.001,0.0,0.9710000208020212,0.8997777837514875,2019-11-06 17:51:29,0.31399037167429916,0.03051830414212065,0.8740000075101851,0.013450462972176452
3,3,20,20,5,15,200,100,False,True,False,200,0.001,0.0,0.9432500010728838,0.7815000402927399,2019-11-06 17:52:56,0.7005542154610158,0.043541557710967536,0.6761667039990426,0.02148003638822758
3,3,20,20,5,15,200,100,False,False,True,200,0.001,0.0,0.9482500037550924,0.9040000450611114,2019-11-06 17:53:01,0.5317132295668124,0.03167431789913247,0.8023333781957627,0.01382050776224882
3,3,20,20,5,15,200,100,True,True,False,200,0.001,0.0,0.9370000001788138,0.7268333762884138,2019-11-06 17:53:06,0.708897625952959,0.04051435199850582,0.6746667039394377,0.020400222287539592
3,3,20,20,5,15,200,100,True,False,True,200,0.001,0.0,0.9395000055432321,0.8503333801031112,2019-11-06 17:54:36,0.5411816287040714,0.0335818130754084,0.8053333777189258,0.012221690568502428
3,3,20,20,5,15,200,100,False,True,True,200,0.001,0.0,0.9605999851226805,0.9160000205039979,2019-11-06 18:02:50,0.36706713408231734,0.022899891229202756,0.8634666883945465,0.008405781695992246
2,2,1,1,5,15,200,100,True,True,True,200,0.001,0.0,0.919000006318092,0.8023333775997161,2019-11-06 15:40:21,0.5658307504653931,0.04612186639181184,0.7863333773612973,0.01925254601450083
3,3,20,20,5,15,200,100,True,True,True,200,0.001,0.0,0.9533999812602997,0.8902666872739792,2019-11-06 18:04:57,0.4037149408459664,0.018612847429835513,0.8545333552360533,0.00720345721573769
4,4,1,1,5,15,200,100,False,False,False,200,0.001,0.0,0.9095000046491627,0.7533333748579024,2019-11-06 18:12:50,0.7959894254803657,0.05337567655492907,0.6946667045354844,0.02183650046197737
4,4,1,1,5,15,200,100,True,False,False,200,0.001,0.0,0.8872500081360336,0.6543333682417868,2019-11-06 18:13:15,0.9171937063336373,0.0533711888491762,0.6423333695530893,0.0220357042363252
4,4,1,1,5,15,200,100,False,True,False,200,0.001,0.0,0.9141999819874758,0.6354666781425474,2019-11-06 18:15:44,1.3927925938367847,0.05376600015727061,0.5025333467125892,0.01734163660279644
4,4,1,1,5,15,200,100,False,False,True,200,0.001,0.0,0.8819999769330021,0.717733346223831,2019-11-06 18:18:12,1.1329129272699359,0.056697454347040856,0.5908000135421756,0.020759960768267825
4,4,1,1,5,15,200,100,True,True,False,200,0.001,0.0,0.8545999781787399,0.5769333446025848,2019-11-06 18:20:19,1.4712725126743316,0.060703297680420466,0.4866666792333126,0.0200321122738231
4,4,1,1,5,15,200,100,True,False,True,200,0.001,0.0,0.8479999788105488,0.6373333454132081,2019-11-06 18:20:22,1.1437799698114393,0.05594649107595342,0.5781333455443383,0.02255280203954542
4,4,1,1,5,15,200,100,False,True,True,200,0.001,0.0,0.9225000393390657,0.7592222428321839,2019-11-06 18:20:37,0.9727678659558294,0.0525195762048888,0.662666680812836,0.01768563511865407
4,4,1,1,5,15,200,100,True,True,True,200,0.001,0.0,0.8645000457763667,0.6700000160932539,2019-11-06 18:21:51,1.0117430722713472,0.044669320584005384,0.6336666768789291,0.017271588874335227
4,4,5,5,5,15,200,100,False,False,False,200,0.001,0.0,0.9700000005960467,0.8845000481605528,2019-11-06 18:23:48,0.4834648774564266,0.030021651838635817,0.8120000439882278,0.012876208270351954
2,2,5,5,5,15,200,100,False,False,False,200,0.001,0.0,0.9765000063180923,0.9470000302791596,2019-11-06 15:51:11,0.2548095357790589,0.034182094777857275,0.8900000417232513,0.01758234357440999
4,4,5,5,5,15,200,100,True,False,False,200,0.001,0.0,0.9322500056028369,0.8095000445842744,2019-11-06 18:25:53,0.5273257553577426,0.034504346151295606,0.7925000423192977,0.014976046927457517
4,4,5,5,5,15,200,100,False,True,False,200,0.001,0.0,0.8869999793171881,0.7120000153779985,2019-11-06 18:26:58,0.8611070746183398,0.03706465603082221,0.6410666820406914,0.01775435534532557
4,4,5,5,5,15,200,100,False,False,True,200,0.001,0.0,0.9499999812245368,0.8410666894912718,2019-11-06 18:30:38,0.6261386916041377,0.027158884020733343,0.7806666862964632,0.011426780078949364
4,4,5,5,5,15,200,100,True,True,False,200,0.001,0.0,0.8951999774575236,0.6761333465576168,2019-11-06 18:31:51,0.9158172219991684,0.03396011112314027,0.6136000108718872,0.01652391357499127
4,4,5,5,5,15,200,100,True,False,True,200,0.001,0.0,0.8711999759078026,0.7893333524465563,2019-11-06 18:32:03,0.740475428700447,0.023905342689517925,0.7276000145077705,0.012825573298924118
4,4,5,5,5,15,200,100,False,True,True,200,0.001,0.0,0.9526666978001596,0.8774444669485093,2019-11-06 18:34:57,0.5319114330410956,0.023320693655856477,0.8016666889190673,0.011217739001986034
4,4,5,5,5,15,200,100,True,True,True,200,0.001,0.0,0.9391667038202288,0.840777804851532,2019-11-06 18:36:21,0.5284010699391367,0.022286380945752346,0.80388891518116,0.010612047248001301
4,4,10,10,5,15,200,100,False,False,False,200,0.001,0.0,0.9260000076889994,0.8905000454187394,2019-11-06 18:37:38,0.49726971596479413,0.024522080872950613,0.812500041723251,0.012110899729010393
4,4,10,10,5,15,200,100,True,False,False,200,0.001,0.0,0.9442500057816511,0.8213333767652511,2019-11-06 18:39:28,0.42583941087126737,0.028645900727248826,0.8353333789110183,0.01337871864811562
4,4,10,10,5,15,200,100,False,True,False,200,0.001,0.0,0.8791999772191046,0.7406666845083236,2019-11-06 18:45:26,0.8034963652491574,0.028293398251364656,0.6585333460569385,0.016338828388490045
